{"cameraMode":{"drawMode":0,"name":"Shaded","section":"Shading Mode"},"sceneLighting":false,"audioPlay":false,"sceneViewState":{"showFog":true,"showMaterialUpdate":true,"showSkybox":true,"showFlares":true,"showImageEffects":true,"showParticleSystems":true},"in2DMode":false,"pivot":{"x":11.477937698364258,"y":6.879155158996582,"z":-3.202125072479248},"rotation":{"x":0.1604844331741333,"y":-0.6689594984054565,"z":0.15120883285999299,"w":0.7099359631538391},"size":4.505225658416748,"orthographic":false}