{"cameraMode":{"drawMode":0,"name":"Shaded","section":"Shading Mode"},"sceneLighting":false,"audioPlay":false,"sceneViewState":{"showFog":true,"showMaterialUpdate":true,"showSkybox":true,"showFlares":true,"showImageEffects":true,"showParticleSystems":true},"in2DMode":false,"pivot":{"x":-7.670070648193359,"y":-5.83521032333374,"z":8.137247085571289},"rotation":{"x":-0.24123124778270722,"y":0.432071715593338,"z":-0.12117606401443482,"w":-0.8606444001197815},"size":25.12616539001465,"orthographic":false}