{"cameraMode":{"drawMode":0,"name":"Shaded","section":"Shading Mode"},"sceneLighting":false,"audioPlay":false,"sceneViewState":{"showFog":false,"showMaterialUpdate":true,"showSkybox":false,"showFlares":true,"showImageEffects":true,"showParticleSystems":true},"in2DMode":false,"pivot":{"x":0.30853888392448428,"y":-0.789656937122345,"z":4.473127365112305},"rotation":{"x":-0.0022567673586308958,"y":-0.9952245950698853,"z":-0.023581016808748246,"w":0.09493833035230637},"size":2.1658377647399904,"orthographic":false}