{"cameraMode":{"drawMode":0,"name":"Shaded","section":"Shading Mode"},"sceneLighting":false,"audioPlay":false,"sceneViewState":{"showFog":false,"showMaterialUpdate":false,"showSkybox":false,"showFlares":false,"showImageEffects":false,"showParticleSystems":false},"in2DMode":false,"pivot":{"x":80.6391372680664,"y":605.1485595703125,"z":167.67630004882813},"rotation":{"x":0.04827127978205681,"y":0.030273552983999254,"z":-0.0014529491309076548,"w":0.9984210133552551},"size":479.04949951171877,"orthographic":false}