{"cameraMode":{"drawMode":0,"name":"Shaded","section":"Shading Mode"},"sceneLighting":false,"audioPlay":false,"sceneViewState":{"showFog":false,"showMaterialUpdate":true,"showSkybox":false,"showFlares":true,"showImageEffects":true,"showParticleSystems":true},"in2DMode":false,"pivot":{"x":-0.9566745162010193,"y":0.28962665796279909,"z":0.09757126122713089},"rotation":{"x":0.14710049331188203,"y":-0.36961042881011965,"z":0.05939842760562897,"w":0.9155683517456055},"size":2.1658377647399904,"orthographic":false}