{"cameraMode":{"drawMode":0,"name":"Shaded","section":"Shading Mode"},"sceneLighting":false,"audioPlay":false,"sceneViewState":{"showFog":false,"showMaterialUpdate":true,"showSkybox":false,"showFlares":true,"showImageEffects":true,"showParticleSystems":true},"in2DMode":false,"pivot":{"x":-12.062970161437989,"y":8.194443702697754,"z":-13.248125076293946},"rotation":{"x":0.16892987489700318,"y":0.4830254912376404,"z":-0.09554142504930496,"w":0.8538617491722107},"size":1.919114112854004,"orthographic":false}