{"cameraMode":{"drawMode":0,"name":"Shaded","section":"Shading Mode"},"sceneLighting":false,"audioPlay":false,"sceneViewState":{"showFog":true,"showMaterialUpdate":true,"showSkybox":true,"showFlares":true,"showImageEffects":true,"showParticleSystems":true},"in2DMode":false,"pivot":{"x":-6.164686679840088,"y":-4.202077388763428,"z":20.95033836364746},"rotation":{"x":-0.1567610651254654,"y":0.07132691890001297,"z":-0.011424443684518338,"w":-0.9851334095001221},"size":35.731937408447269,"orthographic":false}