{"cameraMode":{"drawMode":0,"name":"Shaded","section":"Shading Mode"},"sceneLighting":false,"audioPlay":false,"sceneViewState":{"showFog":false,"showMaterialUpdate":true,"showSkybox":false,"showFlares":true,"showImageEffects":true,"showParticleSystems":true},"in2DMode":false,"pivot":{"x":2.007999897003174,"y":2.197999954223633,"z":-2.197000026702881},"rotation":{"x":0.13136965036392213,"y":-0.22511506080627442,"z":0.030660975724458696,"w":0.9649702310562134},"size":1.919114112854004,"orthographic":false}