{"cameraMode":{"drawMode":0,"name":"Shaded","section":"Shading Mode"},"sceneLighting":false,"audioPlay":false,"sceneViewState":{"showFog":true,"showMaterialUpdate":true,"showSkybox":true,"showFlares":true,"showImageEffects":true,"showParticleSystems":true},"in2DMode":false,"pivot":{"x":7.059986591339111,"y":10.92485237121582,"z":-5.427703380584717},"rotation":{"x":0.052270982414484027,"y":-0.8668035864830017,"z":0.09292064607143402,"w":0.48725277185440066},"size":4.505225658416748,"orthographic":false}