{"cameraMode":{"drawMode":0,"name":"Shaded","section":"Shading Mode"},"sceneLighting":false,"audioPlay":false,"sceneViewState":{"showFog":true,"showMaterialUpdate":true,"showSkybox":false,"showFlares":true,"showImageEffects":true,"showParticleSystems":true},"in2DMode":false,"pivot":{"x":15.472331047058106,"y":7.0311994552612309,"z":30.58515167236328},"rotation":{"x":0.17060936987400056,"y":-0.8090147972106934,"z":0.2841678857803345,"w":0.48560330271720889},"size":22.0,"orthographic":false}