{"cameraMode":{"drawMode":0,"name":"Shaded","section":"Shading Mode"},"sceneLighting":false,"audioPlay":false,"sceneViewState":{"showFog":true,"showMaterialUpdate":true,"showSkybox":true,"showFlares":true,"showImageEffects":true,"showParticleSystems":true},"in2DMode":false,"pivot":{"x":11.940526008605957,"y":4.61353063583374,"z":-3.6437647342681886},"rotation":{"x":0.14858490228652955,"y":-0.34616443514823916,"z":0.05560150742530823,"w":0.9247352480888367},"size":4.505225658416748,"orthographic":false}